{
    "loss": 24.830074310302734,
    "accuracy": 0.3309352397918701
}