{
    "loss": 24.891584396362305,
    "accuracy": 0.6690647602081299
}